Task ID,Task Name,Priority,Status,Completion Percent,Manager Feedback,What's Done,What's Remaining,Expected Delivery,Category,Demo Ready
1,Google Authenticator,2,Complete,100,Well done,Google OAuth 2.0 SSO fully implemented. Session management. Auto user registration,None,Completed,Authentication,Yes
2,Report Access Logging,4,Complete,100,Critical requirement - FULLY IMPLEMENTED,Comprehensive logging system with all required fields. Automatic middleware logging. Database schema and service. Production-ready and tested,None,Completed,Logging,Yes
3,Date/Time Format Standardization,6,Complete,100,None,Server and client utilities created. Format functions implemented. Comprehensive test coverage. Ready for rollout,Final application-wide rollout,Completed,Utilities,Yes
4,JSDoc Coverage,8,Complete,98,None,All major files documented. All exported functions documented. Developer-only access control. VitePress integration,Final polish and new code documentation,Completed,Documentation,Yes
5,Enhanced Surgical Guide Report,4,In Progress,95,Well done - Critical logging requirement COMPLETE,All core reporting features. Comprehensive report access logging. Date filtering and order types. CSV export and status workflow,Minor UI/UX refinements and performance optimizations,Q1 2026,Reports,Yes
6,Developer Documentation,3,In Progress,90,None,JSDoc configured with 95 percent coverage. GitHub repository integration. VitePress deployed and running. Developer-only access control,API key system design. Production deployment coordination. Final integration polish,Q1 2026,Documentation,Yes
7,Move Config to Database,7,In Progress,20,None,None,Identify hardcoded values. Design database schema. Create migration scripts. Document deployment,Q2 2026,Configuration,No
8,API and SQL Execution Logging,7,In Progress,75,None,Enhanced request logger with error details. HTTP request logging includes method URL status duration user. Auto error logging for 4xx and 5xx. Slow request detection over 1 second. Prometheus metrics for API and SQL,Centralized logging dashboard. Query performance analysis. Log aggregation system,Q1 2026,Logging,Partial
9,Prometheus Integration,7,In Progress,90,None,Prometheus metrics fully implemented. Metrics endpoint active. dbQueryDuration and apiFulfillmentDuration metrics. HTTP request histograms. Active users gauge,Grafana dashboards setup. Production deployment with Morgan. Alerting rules configuration,Q1 2026,Monitoring,Yes
10,Reports Scheduling System,5,Not Started,0,None,None,Custom schedules monthly or weekly. Scheduling engine with cron. Email delivery system. User interface,Q2 2026,Reports,No
11,Admin Announcements,5,Not Started,0,None,None,System-wide and targeted announcements. Real-time notification system. Admin interface. User notification display,Q2 2026,Features,No
12,UI/UX Progress Indicators,6,Not Started,15,None,Basic progress indicators with loading stages. Progress percentage tracking,Estimated completion time. Enhanced state indicators. Time estimation logic,Q2 2026,UI/UX,No
13,UI/UX Color Scheme and Icons,6,Not Started,0,None,None,AI-assisted color scheme optimization. Icon refinement. Centralized UI configuration,Q2 2026,UI/UX,No
14,Functional Documentation with Doxygen,8,Not Started,0,None,None,Research tools. Create structure. Write documentation. Deploy,Q2 2026,Documentation,No
15,CI/CD Pipeline,6,Not Started,0,Coordinate with Morgan,Environment separation dev and prod. Logging infrastructure. Error tracking. Database connection management. Health checks,Testing setup with Jest coverage and linting. Monitoring with Grafana and alerting. Pipeline with GitHub Actions. Security scanning and SAST,Q1 2026,DevOps,Partial
16,Deployment Testing,6,Not Started,0,Coordinate with Morgan,None,Test on Maadi server. Deploy to AWS if successful. Monitor production,Q1 2026,DevOps,No
17,Grafana Dashboard Setup,7,Not Started,0,Required for demo,None,HTTP request metrics dashboards. Database performance dashboards. Active users tracking. API endpoint performance. System health overview,Q1 2026,Monitoring,No