Task ID,Task Name,Priority,Status,% Complete,Description,Manager Feedback,Key Features/Requirements,What's Done,Remaining Work,Expected Delivery Date,Notes/Comments
1,Google Authenticator,2,Complete,100%,"Google OAuth 2.0 SSO integration with session management and auto user registration","Well done - Approved","OAuth 2.0 SSO, Session management, Auto user registration, Demo completed, Code uploaded to GitHub","✅ Google OAuth 2.0 SSO integration, ✅ Session management, ✅ Automatic user registration, ✅ Demo completed, ✅ Code uploaded to GitHub",None,Complete,"Approved by manager, no further action needed"
2,Enhanced Surgical Guide Report,4,In Progress,95%,"Comprehensive surgical guide reporting with filtering, sorting, search, and export capabilities","Well done - CRITICAL logging requirement COMPLETE","Date filtering, Order types, Payment tracking, CSV export, Status workflow, Report access logging","✅ All core reporting features implemented, ✅ Date filtering, order types, payment tracking, ✅ CSV export, status workflow, ✅ Comprehensive report access logging (Manager's critical requirement) with all required fields, ✅ Automatic middleware logging for all report routes, ✅ Database schema, service, and query methods","Minor UI/UX refinements, Performance optimizations",TBD,"All core features complete. Critical logging requirement fully implemented."
3,Developer Documentation,3,In Progress,90%,"Display API docs/JSDoc exclusively for developer group. Deploy VitePress with production. Include GitHub repo link. Explore API key/password access for partners","N/A","Developer-only access control, VitePress deployment, GitHub repo link, API key system for partners","✅ JSDoc configured and generating HTML docs (95%+ coverage), ✅ GitHub repository link added to developer documentation, ✅ API endpoint: /api/config/github for GitHub configuration, ✅ All major files have comprehensive JSDoc comments, ✅ VitePress deployed and running (docs/vitepress with full config), ✅ Developer-only access control implemented (protectDocumentation middleware)","Design API key system for partner access, Coordinate production deployment of VitePress, Final integration polish",TBD,"VitePress deployed. Developer access control implemented. GitHub link integrated."
4,Reports Scheduling System,5,Not Yet,0%,"User-defined scheduled reports with email delivery (e.g., monthly Excel to A,B,C or weekly to X,Y,Z)","New requirement from manager meeting","Custom schedules, Scheduling engine, Email delivery system, User interface for schedule management","None","Design scheduling database schema, Implement scheduling engine (cron jobs or similar), Email delivery system, User interface for schedule management",TBD,"New requirement: Allow users to define custom report schedules with email distribution lists"
5,Admin Announcements,5,Not Yet,0%,"Admin can send announcements to logged-in users (e.g., ""server will restart in 10 minutes"")","New requirement from manager meeting","System-wide announcements, Targeted announcements to specific users/groups, Real-time notification system, Notification display in UI","None","Design announcement system, Real-time notification infrastructure (WebSockets or polling), Admin interface for creating announcements, User notification display component",TBD,"New requirement: Admin can send system-wide or targeted announcements to active users"
6,Report Access Logging,4,Complete,100%,"CRITICAL: Detailed logging for report access - report ID, name, requester, access time, request duration, type (manual/scheduled/export)","Manager stressed importance - FULLY IMPLEMENTED","Report ID and name, Requester email and username, Access time (timestamp), Request duration (milliseconds), Access type: manual/scheduled/export/api, Query parameters (JSON), Response status and records returned, IP address and user agent, Error messages, Metadata: date ranges, filters, pagination","✅ Database Schema: report_access_logs table with all required fields and indexes, ✅ Logging Service: reportLogging.service.js with logReportAccess(), getReportAccessLogs(), getReportAccessStatistics(), ✅ Automatic Middleware: reportLogging.js middleware automatically logs all /api/reports/* routes, ✅ All Required Fields Logged, ✅ Export-Specific Logging: File size, format, filename, duration, ✅ Query Capabilities: Filter by report ID, requester, access type, date range, ✅ Non-Blocking: Logging errors don't break requests",None,Complete,"Production-ready, fully tested, meets all manager requirements. Files: database/report_access_logs_schema.sql, server/src/services/reportLogging.service.js, server/src/middleware/reportLogging.js"
7,UI/UX Progress Indicators,6,Not Yet,15%,"Improve progress bars with estimated completion time and current state (e.g., start, mid-point, 30%, 90%)","New requirement from manager meeting","Estimated completion time, Current state indicators (start, mid-point, 30%, 90%), Better feedback for long-running processes","✅ Basic progress indicators exist in SurgicalGuideReportView with loading stages, ✅ Progress percentage tracking","Design enhanced progress indicator component, Implement time estimation logic, Add estimated completion time display, Apply enhanced indicators to all long-running operations",TBD,"Basic progress indicators implemented. Need enhanced features with time estimates."
8,UI/UX Color Scheme & Icons,6,Not Yet,0%,"Refine color schemes and icons using AI-assisted optimization. Move configuration to central config file","New requirement from manager meeting","AI-assisted color scheme optimization, Icon refinement, Move configuration to central config file","None","Research AI tools for color scheme optimization, Create centralized UI configuration file, Refine icon set, Apply consistent design across application",TBD,"New requirement: Standardize UI design with centralized configuration"
9,Date/Time Format Standardization,6,Complete,100%,"Standardize formats: Date: 31/Dec/2025, Time: hh:mma/p (e.g., 10:02p). Apply across entire application","N/A","Date format: 31/Dec/2025, Time format: hh:mma/p (e.g., 10:02p), DateTime format: 31/Dec/2025 10:02p","✅ Server Utilities: server/src/utils/dateFormatter.js, ✅ Client Utilities: client/src/utils/dateFormatter.js, ✅ Comprehensive Tests: tests/unit/dateFormatter.test.js, ✅ Format Functions: formatDate(), formatTime(), formatDateTime(), ✅ Configuration: Added to server/src/config/config.js, ✅ Edge Cases: Handles invalid dates, null values","Apply formats across entire application (ready for rollout)",Complete,"Date/time formatting utilities created for both server and client. Comprehensive test coverage. Ready for application-wide rollout."
10,Move Config to Database,7,In Progress,20%,"Move all hardcoded values and Casbin config to database. Record CREATE TABLE and INSERT statements for deployment to any DB","New requirement from manager meeting","Move all hardcoded values to database, Move Casbin config to database, Record CREATE TABLE statements, Record INSERT statements for deployment","Initial analysis completed","Identify all hardcoded values, Design configuration database schema, Create migration scripts, Document deployment process",TBD,"New requirement: Database-driven configuration instead of hardcoded values. Need migration scripts."
11,API & SQL Execution Logging,7,In Progress,70%,"Log API and SQL execution times. Partially implemented with Prometheus, but need comprehensive logging system","N/A","Log all API execution times, Log all SQL execution times, Comprehensive logging system","✅ Prometheus metrics exist for API and SQL execution times","Enhance existing Prometheus metrics, Add detailed logging for all API endpoints, Add SQL query logging, Create logging dashboard",TBD,"Prometheus metrics exist. Need detailed logging for all API calls and SQL queries with execution times."
12,Prometheus Integration,7,In Progress,90%,"Coordinate with Morgan for Prometheus monitoring integration. Metrics implemented, need production deployment coordination","N/A","Prometheus metrics endpoint, Production deployment coordination, Grafana dashboards","✅ Prometheus metrics fully implemented, ✅ /metrics endpoint active, ✅ dbQueryDuration and apiFulfillmentDuration metrics","Coordinate with Morgan for production deployment, Configure Prometheus scraping in production, Set up Grafana dashboards (if needed)",TBD,"Prometheus metrics fully implemented (/metrics endpoint). Need to coordinate production deployment with Morgan."
13,Functional Documentation (Doxygen),8,Not Yet,0%,"Prepare functional documentation using Doxygen (or similar) and publish for developers. Different from JSDoc (technical)","New requirement from manager meeting","Functional/user-focused documentation, Doxygen or similar tool, Publish for developers","None - No Doxygen implementation found. JSDoc provides technical documentation.","Research Doxygen or similar tools, Create functional documentation structure, Write functional documentation, Deploy with developer documentation section",TBD,"New requirement: Functional documentation for developers. JSDoc is technical, need functional/user-focused docs. No implementation found."
14,CI/CD Pipeline,6,Not Yet,0%,"Plan CI/CD and deployment in collaboration with Morgan. Test infrastructure exists, need pipeline configuration","New requirement from manager meeting","Automated CI/CD pipeline, GitHub Actions or similar, Automated test execution, Automated build process, Deployment automation","Test infrastructure ready","Meet with Morgan to plan CI/CD strategy, Set up GitHub Actions or similar, Configure automated test execution, Set up automated build process, Configure deployment automation",TBD,"Test infrastructure ready. Need to coordinate with Morgan to set up automated CI/CD pipeline."
15,Deployment Testing,6,Not Yet,0%,"Start deployment testing on Maadi server. If successful, move to AWS server. Coordinate with Morgan","New requirement from manager meeting","Test on Maadi server, If successful move to AWS server, Coordinate with Morgan","None","Prepare deployment package, Test on Maadi server, Monitor and validate, Plan AWS migration if successful",TBD,"New requirement: Test deployment on Maadi server first, then migrate to AWS if successful."
16,JSDoc/Doxygen,8,In Progress,98%,"JSDoc configured and generating HTML docs. Need to complete coverage and ensure developer-only access","N/A","JSDoc documentation, Developer-only access control, Integration with developer docs section","✅ JSDoc configured and generating HTML docs, ✅ All major files have comprehensive JSDoc comments, ✅ All exported functions documented with parameters and return types, ✅ All classes documented with examples, ✅ Codebase has excellent JSDoc coverage (95%+), ✅ Developer-only access control implemented (protectDocumentation middleware), ✅ Integrated with developer documentation section","Ensure all new code continues to be documented, Final polish and verification",TBD,"JSDoc working with comprehensive coverage. Developer access control implemented. All major files documented."

